{
  "best_val_rmse_mean": 4.387761300436183,
  "best_val_rmse_each": [
    5.135101597569263,
    4.806503523351992,
    3.082901709648717,
    4.292123615912914,
    4.622176055698026
  ],
  "best_epoch": 10,
  "test_rmse_mean": 4.326691396474951,
  "test_rmse_each": [
    4.863614407200545,
    4.88988628231822,
    3.6480124509833156,
    3.948161631745304,
    4.2837822101273675
  ],
  "n_train": 35,
  "n_val": 10,
  "n_test": 32
}