{
  "best_val_rmse_mean": 0.891907826415187,
  "best_val_rmse_each": [
    1.198383549914504,
    0.6293130352803354,
    0.6206678693780538,
    0.9560958339109246,
    1.055078843592117
  ],
  "best_epoch": 40,
  "test_rmse_mean": 0.7887064601351432,
  "test_rmse_each": [
    0.9368424016613945,
    0.7273500337749255,
    0.688321922737231,
    0.8876064747084695,
    0.7034114677936959
  ],
  "n_train": 35,
  "n_val": 10,
  "n_test": 32
}