{
  "evaluation_results": {
    "Marbling": {
      "n_samples": 32,
      "rmse": 0.0016514272953646633,
      "mae": 0.0009130562500000994,
      "r2": 0.9999962863494647,
      "mape": 0.014575588541667977,
      "mean_true": 6.875,
      "std_true": 0.8569568250501305,
      "mean_pred": 6.87508174375,
      "std_pred": 0.8556809022454405,
      "residuals_mean": -8.1743749999863e-05,
      "residuals_std": 0.0016494029438592038
    },
    "Meat Color": {
      "n_samples": 32,
      "rmse": 0.5580533112542239,
      "mae": 0.37991508749999997,
      "r2": 0.28817486125302005,
      "mape": 5.442245703125,
      "mean_true": 7.0,
      "std_true": 0.6614378277661477,
      "mean_pred": 7.0066866999999995,
      "std_pred": 0.5036989912089499,
      "residuals_mean": -0.00668669999999999,
      "residuals_std": 0.5580132491661052
    },
    "Surface Moisture": {
      "n_samples": 32,
      "rmse": 0.6406515433021337,
      "mae": 0.47347728125,
      "r2": 0.15093974639625174,
      "mape": 9.233915676339286,
      "mean_true": 5.21875,
      "std_true": 0.6952686081652184,
      "mean_pred": 5.2664838312499995,
      "std_pred": 0.5739301177998304,
      "residuals_mean": -0.047733831250000025,
      "residuals_std": 0.6388707860667932
    },
    "Texture": {
      "n_samples": 32,
      "rmse": 0.5169481930302989,
      "mae": 0.37814848749999996,
      "r2": 0.4482881356855922,
      "mape": 6.623409217261905,
      "mean_true": 5.875,
      "std_true": 0.6959705453537527,
      "mean_pred": 5.887814499999999,
      "std_pred": 0.47103167129933116,
      "residuals_mean": -0.012814500000000006,
      "residuals_std": 0.5167893408992114
    },
    "Total": {
      "n_samples": 32,
      "rmse": 0.5742575719678523,
      "mae": 0.4100240312500001,
      "r2": 0.38713923561250274,
      "mape": 6.54448672544643,
      "mean_true": 6.34375,
      "std_true": 0.7335434121440939,
      "mean_pred": 6.361457606250001,
      "std_pred": 0.5392729495315272,
      "residuals_mean": -0.017707606250000063,
      "residuals_std": 0.5739844942533797
    }
  },
  "summary": {
    "n_targets": 5,
    "targets": [
      "Marbling",
      "Meat Color",
      "Surface Moisture",
      "Texture",
      "Total"
    ],
    "avg_r2": 0.45490765305936626,
    "avg_rmse": 0.45831240936997475
  }
}